{
    "args0": [                 
      {
        "type": "input_dummy",
        "name": "var"
      },
      {
        "type": "field_image",
        "src": "https://i.ibb.co/1JYrBYW/tetra-libs-api-required-64.png",
        "width": 32,
        "height": 32,
        "alt": "api_required",
        "flipRtl": "TRUE"
      }
    ],
    "extensions": [
      "help_page_variables"
    ],
    "mutator": "variable_entity_input",
    "inputsInline": true,
    "previousStatement": null,
    "nextStatement": null,
    "colour": "#2ade63",
    "tooltip": "Add custom page",
    "helpUrl": "https://bck-inc.fr/minecraft/tetralibs/mcreator",
    "mcreator": {
      "toolbox_id": "tetra_libs_help_pages",
      "toolbox_init": [
      ],
      "inputs": [
      ],
      "fields": [
        "VAR"
      ]
    }
  }