{
    "args0": [
      {
        "type": "input_value",
        "name": "item_name",
        "check": "String"
      },
      {
        "type": "field_image",
        "src": "https://i.ibb.co/1JYrBYW/tetra-libs-api-required-64.png",
        "width": 32,
        "height": 32,
        "alt": "api_required",
        "flipRtl": "TRUE"
      }
    ],
    "inputsInline": true,
    "previousStatement": null,
    "nextStatement": null,
    "colour": "#ff5cd3",
    "tooltip": "Add item to list of tooltip",
    "helpUrl": "https://bck-inc.fr/minecraft/tetralibs/mcreator",
    "mcreator": {
      "toolbox_id": "tetra_libs_actions",
      "toolbox_init": [
        "<value name=\"item_name\"><block type=\"text\"><field name=\"TEXT\">minecraft:air</field></block></value>"
      ],
      "inputs": [
        "item_name"
      ]
    }
  }