{
    "args0": [
      {
        "type": "input_value",
        "name": "player",
        "check": "Entity"
      },
      {
        "type": "field_image",
        "src": "https://i.ibb.co/1JYrBYW/tetra-libs-api-required-64.png",
        "width": 32,
        "height": 32,
        "alt": "api_required",
        "flipRtl": "TRUE"
      }
    ],
    "inputsInline": true,
    "output": "Number",
    "colour": "#9c0235",
    "tooltip": "Get money from player",
    "helpUrl": "https://bck-inc.fr/minecraft/tetralibs/mcreator",
    "mcreator": {
      "toolbox_id": "tetra_libs_ecos",
      "toolbox_init": [
        "<value name=\"player\"><block type=\"entity_from_deps\"></block></value>"
      ],
      "inputs": [
        "player"
      ]
    }
  }