{
    "args0": [
      {
        "type": "input_value",
        "name": "entity",
        "check": "Entity"
      },
      {
        "type": "field_image",
        "src": "https://i.ibb.co/1JYrBYW/tetra-libs-api-required-64.png",
        "width": 32,
        "height": 32,
        "alt": "api_required",
        "flipRtl": "TRUE"
      }
    ],
    "inputsInline": true,
    "output": "Boolean",
    "colour": 150,
    "tooltip": "Return if entity has first join",
    "helpUrl": "https://bck-inc.fr/minecraft/tetralibs/mcreator",
      "mcreator": {
        "toolbox_id": "tetra_libs_utils",
        "toolbox_init": [
          "<value name=\"entity\"><block type=\"entity_from_deps\"></block></value>"
        ],
        "inputs": [
          "entity"
        ]
      }
    }