{
    "args0": [
        {
            "type": "input_dummy"
        },
        {
          "type": "field_image",
          "src": "https://i.ibb.co/1JYrBYW/tetra-libs-api-required-64.png",
          "width": 32,
          "height": 32,
          "alt": "api_required",
          "flipRtl": "TRUE"
        }
    ],
    "inputsInline": true,
    "output": "Number",
    "colour": "#303030",
    "tooltip": "Return server permissions count",
    "helpUrl": "https://bck-inc.fr/minecraft/tetralibs/mcreator",
    "mcreator": {
        "toolbox_id": "tetra_libs_permissions",
        "toolbox_init": [
        ],
        "inputs": [
        ],
        "fields": []
    }
}