{
    "args0": [
        {
            "type": "input_value",
            "name": "pattern",
            "check": "String"
        },
        {
            "type": "input_value",
            "name": "replaceable",
            "check": "String"
        },
        {
          "type": "field_image",
          "src": "https://i.ibb.co/1JYrBYW/tetra-libs-api-required-64.png",
          "width": 32,
          "height": 32,
          "alt": "api_required",
          "flipRtl": "TRUE"
        }
    ],
    "inputsInline": true,
    "output": "String",
    "colour": "#303030",
    "tooltip": "Return server permissions as string pattern",
    "helpUrl": "https://bck-inc.fr/minecraft/tetralibs/mcreator",
    "mcreator": {
        "toolbox_id": "tetra_libs_permissions",
        "toolbox_init": [
            "<value name=\"pattern\"><block type=\"text\"><field name=\"TEXT\">- %perm%%nl%</field></block></value>",
            "<value name=\"replaceable\"><block type=\"text\"><field name=\"TEXT\">%perm%</field></block></value>"
        ],
        "inputs": [
            "pattern",
            "replaceable"
        ],
        "fields": [
        ]
    }
}