{
    "args0": [
        {
            "type": "input_value",
            "name": "entity",
            "check": "Entity"
        },
        {
            "type": "field_image",
            "src": "https://i.ibb.co/1JYrBYW/tetra-libs-api-required-64.png",
            "width": 32,
            "height": 32,
            "alt": "api_required",
            "flipRtl": "TRUE"
        }
    ],
    "inputsInline": true,
    "output": "Number",
    "colour": "#2cc76d",
    "tooltip": "Get player page",
    "helpUrl": "https://bck-inc.fr/minecraft/tetralibs/mcreator",
    "mcreator": {
        "toolbox_id": "tetra_libs_help_pages",
        "toolbox_init": [
            "<value name=\"entity\"><block type=\"entity_from_deps\"></block></value>"
        ],
        "inputs": [
            "entity"
        ],
        "fields": []
    }
}