{
  "args0": [
    {
      "type": "field_dropdown",
      "name": "key",
      "options": [
        [
          "Shift",
          "Shift"
        ],
        [
          "Alt",
          "Alt"
        ],
        [
          "Control",
          "Control"
        ]
      ]
    },
    {
      "type": "field_image",
      "src": "https://i.ibb.co/645dcd0/tetra-libs-no-api-64.png",
      "width": 32,
      "height": 32,
      "alt": "no_api",
      "flipRtl": "TRUE"
    }
  ],
  "inputsInline": true,
  "output": "Boolean",
  "colour": "#c930a0",
  "helpUrl": "https://bck-inc.fr/minecraft/tetralibs/mcreator",
  "mcreator": {
    "toolbox_id": "tetra_libs_utils",
    "fields": [
      "key"
    ]
  }
}