{
    "args0": [
      {
        "type": "input_value",
        "name": "key",
        "check": "String"
      },
      {
        "type": "input_value",
        "name": "value"
      },
      {
          "type": "field_image",
          "src": "https://i.ibb.co/1JYrBYW/tetra-libs-api-required-64.png",
          "width": 32,
          "height": 32,
          "alt": "api_required",
          "flipRtl": "TRUE"
      }
    ],
    "inputsInline": true,
    "previousStatement": null,
    "nextStatement": null,
    "colour": "#00a892",
    "tooltip": "Set data for server",
    "helpUrl": "https://bck-inc.fr/minecraft/tetralibs/mcreator",
    "mcreator": {
      "toolbox_id": "tetra_libs_data_manager",
      "toolbox_init": [
        "<value name=\"key\"><block type=\"text\"><field name=\"TEXT\">key</field></block></value>"
      ],
      "inputs": [
        "key",
        "value"
      ],
      "dependencies": [
      ]
    }
  }