{
    "args0": [
      {
        "type": "input_value",
        "name": "team_name",
        "check": "String"
      },
      {
        "type": "field_dropdown",
        "name": "collisionRules",
        "options": [
          [
            "always",
            "always"
          ],
          [
            "never",
            "never"
          ],
          [
            "pushOtherTeams",
            "pushOtherTeams"
          ],
          [
            "pushOwnTeam",
            "pushOwnTeam"
          ]
        ]
      },
      {
        "type": "input_value",
        "name": "callback",
        "check": "Boolean"
      },
      {
          "type": "field_image",
          "src": "https://i.ibb.co/1JYrBYW/tetra-libs-api-required-64.png",
          "width": 32,
          "height": 32,
          "alt": "api_required",
          "flipRtl": "TRUE"
      }
    ],
    "inputsInline": true,
    "previousStatement": null,
    "nextStatement": null,
    "colour": 290,
    "tooltip": "Modifiy team collisionRules",
    "helpUrl": "https://bck-inc.fr/minecraft/tetralibs/mcreator",
    "mcreator": {
      "toolbox_id": "tetra_libs_actions",
      "toolbox_init": [
        "<value name=\"team_name\"><block type=\"text\"><field name=\"TEXT\">team name</field></block></value>",
        "<value name=\"callback\"><block type=\"logic_boolean\"><field name=\"BOOL\">FALSE</field></block></value>"
      ],
      "fields": [
        "collisionRules"
      ],
      "inputs": [
        "team_name",
        "callback"
      ],
      "dependencies": [
        {
          "name": "world",
          "type": "world"
        }
      ]
    }
  }